 , ,Rank Indicators,Albania,Algeria,Argentina,Armenia,Australia,Austria,Azerbaijan,Bahrain,Bangladesh,Belarus,Belgium,Benin,"Bolivia, Plurinational State of",Bosnia and Herzegovina,Botswana,Brazil,Brunei Darussalam,Bulgaria,Burkina Faso,Burundi,Cambodia,Cameroon,Canada,Chile,China,Colombia,Costa Rica,Cote dIvoire,Croatia,Cyprus,Czech Republic,Denmark,Dominican Republic,Ecuador,Egypt,El Salvador,Estonia,Ethiopia,Finland,France,Georgia,Germany,Greece,Guatemala,Guinea,Honduras,Hong Kong (China),Hungary,Iceland,India,Indonesia,"Iran, Islamic Republic of",Ireland,Israel,Italy,Jamaica,Japan,Jordan,Kazakhstan,Kenya,"Korea, Republic of",Kuwait,Kyrgyzstan,Latvia,Lebanon,Lithuania,Luxembourg,Madagascar,Malawi,Malaysia,Mali,Malta,Mauritius,Mexico,"Moldova, Republic of",Mongolia,Montenegro,Morocco,Mozambique,Namibia,Nepal,Netherlands,New Zealand,Niger,Nigeria,Norway,Oman,Pakistan,Panama,Paraguay,Peru,Philippines,Poland,Portugal,Qatar,Romania,Russian Federation,Rwanda,Saudi Arabia,Senegal,Serbia,Singapore,Slovakia,Slovenia,South Africa,Spain,Sri Lanka,Sweden,Switzerland,Tajikistan,"Tanzania, United Republic of",TFYR Macedonia,Thailand,Togo,Trinidad and Tobago,Tunisia,Turkey,Uganda,Ukraine,United Arab Emirates,United Kingdom,United States of America,Uruguay,Viet Nam,Yemen,Zambia,Zimbabwe
,,,,,,,,,,,,,,,,,,,,,,,,,,,,,,,,,,,,,,,,,,,,,,,,,,,,,,,,,,,,,,,,,,,,,,,,,,,,,,,,,,,,,,,,,,,,,,,,,,,,,,,,,,,,,,,,,,,,,,,,,,,,,,,,,
Indicator,,,,,,,,,,,,,,,,,,,,,,,,,,,,,,,,,,,,,,,,,,,,,,,,,,,,,,,,,,,,,,,,,,,,,,,,,,,,,,,,,,,,,,,,,,,,,,,,,,,,,,,,,,,,,,,,,,,,,,,,,,,,,,,,,
 Global Innovation Index, , ,93,108,76,59,23,20,82,66,114,88,27,116,106,86,89,69,71,36,120,122,101,117,18,46,22,65,53,112,41,30,24,6,79,92,105,103,25,110,8,15,68,9,44,98,126,104,16,39,13,60,87,75,10,17,29,84,14,83,78,80,11,56,95,33,81,40,12,111,115,37,118,26,64,58,54,52,48,72,107,97,109,3,21,123,119,19,77,113,63,85,70,73,38,31,49,42,45,99,55,100,62,7,34,32,57,28,90,2,1,94,96,61,51,125,91,74,43,102,50,35,5,4,67,47,127,124,121
 Innovation Efficiency Ratio, , ,122,111,94,17,76,41,103,88,93,120,47,110,85,112,121,99,124,15,127,117,61,92,59,77,3,100,43,40,52,28,13,34,54,66,81,107,19,32,37,35,60,7,87,91,118,101,73,30,5,53,42,16,6,23,31,86,49,57,116,50,14,18,114,26,69,84,1,45,98,46,78,8,109,74,22,27,62,71,70,108,105,4,56,123,102,51,115,64,38,72,106,55,48,33,68,39,75,125,96,95,67,63,25,44,97,36,58,12,2,83,29,80,24,126,90,65,9,113,11,104,20,21,82,10,119,79,89
 Innovation Input Sub-index, , ,70,105,72,82,12,18,78,55,113,63,22,110,107,75,59,60,40,45,101,115,104,117,10,42,31,52,57,121,44,32,27,6,88,95,106,96,26,122,4,15,69,17,38,97,126,103,8,41,21,66,99,98,19,20,29,84,11,92,64,91,16,80,86,35,87,34,24,120,112,36,123,28,47,54,73,67,50,79,114,89,108,9,13,111,118,14,62,116,74,90,56,83,37,33,48,51,43,76,46,102,58,1,39,30,49,25,94,2,3,100,109,53,65,119,85,81,68,93,77,23,7,5,61,71,127,125,124
 Innovation Output Sub-index, , ,115,117,81,47,30,21,89,67,108,109,27,120,99,96,111,80,110,32,126,122,87,113,23,53,11,75,50,94,46,28,16,12,72,83,97,105,19,91,13,18,62,7,59,92,124,103,25,37,10,58,73,57,8,14,29,84,20,74,93,70,9,45,104,33,78,49,4,95,112,39,107,15,82,60,42,48,52,68,100,102,114,2,24,123,119,22,90,101,55,79,85,65,41,31,54,44,51,121,66,98,61,17,35,34,69,26,77,3,1,88,76,63,43,127,86,71,36,106,40,56,6,5,64,38,125,118,116
,,,,,,,,,,,,,,,,,,,,,,,,,,,,,,,,,,,,,,,,,,,,,,,,,,,,,,,,,,,,,,,,,,,,,,,,,,,,,,,,,,,,,,,,,,,,,,,,,,,,,,,,,,,,,,,,,,,,,,,,,,,,,,,,,
,,,,,,,,,,,,,,,,,,,,,,,,,,,,,,,,,,,,,,,,,,,,,,,,,,,,,,,,,,,,,,,,,,,,,,,,,,,,,,,,,,,,,,,,,,,,,,,,,,,,,,,,,,,,,,,,,,,,,,,,,,,,,,,,,
,,,,,,,,,,,,,,,,,,,,,,,,,,,,,,,,,,,,,,,,,,,,,,,,,,,,,,,,,,,,,,,,,,,,,,,,,,,,,,,,,,,,,,,,,,,,,,,,,,,,,,,,,,,,,,,,,,,,,,,,,,,,,,,,,
Index,,,,,,,,,,,,,,,,,,,,,,,,,,,,,,,,,,,,,,,,,,,,,,,,,,,,,,,,,,,,,,,,,,,,,,,,,,,,,,,,,,,,,,,,,,,,,,,,,,,,,,,,,,,,,,,,,,,,,,,,,,,,,,,,,
1,Institutions, ,62,103,109,63,14,15,74,51,122,81,26,82,127,71,46,91,31,52,86,118,98,119,7,41,78,69,56,94,42,21,30,6,90,116,121,85,20,114,4,24,47,18,59,107,112,117,3,40,16,92,120,106,12,49,38,57,13,64,55,84,35,76,102,28,100,36,19,99,93,53,110,29,27,68,72,60,48,70,113,58,115,11,2,97,123,5,39,124,66,105,67,89,33,23,37,43,73,61,88,80,50,1,34,22,54,32,111,10,8,108,83,45,75,96,65,77,95,79,101,25,9,17,44,87,126,104,125
1.1.,Political environment, ,50,108,68,74,17,14,90,75,117,77,23,83,92,94,36,80,20,55,101,124,88,115,6,38,64,98,44,107,43,34,24,13,69,78,119,70,32,120,8,31,61,15,60,105,111,104,7,40,12,87,89,99,16,53,46,51,11,73,67,109,42,66,116,35,121,27,4,113,85,41,123,29,25,82,96,56,54,72,102,45,118,10,2,110,125,5,47,126,48,93,86,84,33,22,26,57,100,65,71,81,52,1,30,28,58,39,62,9,3,112,97,63,79,106,49,91,95,103,122,19,18,21,37,59,127,76,114
1.1.1.,Political stability and absence of violence/terrorism, ,45,111,66,78,24,8,97,114,116,61,37,60,77,86,12,80,7,58,96,123,68,110,5,44,90,113,38,99,39,41,18,25,53,70,119,64,36,120,11,48,82,30,76,95,84,88,13,29,4,106,94,105,22,115,46,56,15,91,69,118,55,71,103,42,122,32,2,83,65,52,121,10,20,104,81,34,54,79,92,35,107,21,1,109,125,9,33,126,43,62,87,98,26,27,16,51,112,67,89,72,50,6,19,23,74,47,63,17,3,101,85,75,108,73,49,102,117,100,124,28,40,31,14,59,127,57,93
1.1.2.,Government effectiveness, ,69,95,77,79,15,19,84,41,111,93,22,102,106,97,43,81,30,58,99,123,109,114,11,29,47,72,49,105,44,32,31,6,88,91,113,85,28,104,8,21,48,12,54,110,122,115,3,45,18,66,83,82,17,23,46,55,10,62,75,87,34,71,117,27,92,25,14,126,108,37,118,38,33,59,103,89,61,76,112,53,121,7,4,101,120,5,67,107,51,119,86,65,40,24,35,73,80,74,60,90,64,1,39,36,52,26,70,9,2,116,100,63,50,125,56,78,57,94,96,16,13,20,42,68,127,98,124
1.2.,Regulatory environment, ,80,106,118,55,11,9,96,26,117,109,32,74,127,59,65,72,27,40,70,98,101,108,10,45,107,68,56,77,51,20,37,4,104,122,120,93,18,99,5,21,30,25,53,111,87,116,2,38,19,73,126,115,15,49,33,67,14,36,54,63,61,100,95,29,83,46,23,91,89,75,85,17,24,84,92,64,47,81,123,44,114,16,3,86,78,6,31,113,69,112,57,105,41,34,58,35,94,50,79,71,43,1,48,28,42,39,125,12,8,102,66,52,110,88,76,90,97,60,82,22,7,13,62,103,119,124,121
1.2.1.,Regulatory quality, ,65,125,119,61,8,17,85,37,118,120,21,103,117,80,50,83,36,47,91,107,98,116,12,18,87,52,49,101,57,32,31,11,73,124,111,64,15,121,5,27,35,14,55,81,115,95,2,41,23,93,82,126,6,22,42,68,24,69,71,89,26,77,97,30,88,20,13,109,112,40,104,25,29,54,75,90,63,78,99,76,110,9,3,108,114,16,46,106,56,86,48,72,33,34,43,45,102,62,70,79,67,1,38,44,59,39,74,7,10,122,92,53,60,113,66,94,58,84,105,28,4,19,51,100,123,96,127
1.2.2.,Rule of law, ,82,112,111,80,13,10,97,45,102,107,20,95,124,75,39,71,46,67,94,123,114,117,11,22,78,76,42,99,52,28,27,3,89,121,92,96,23,88,1,21,48,16,51,118,125,115,12,47,17,61,86,116,15,24,50,72,19,44,83,91,30,58,119,36,106,29,9,100,77,40,105,25,34,90,85,84,59,63,113,53,103,7,5,98,122,4,43,108,66,101,93,81,35,26,33,54,104,55,49,69,64,8,41,31,57,32,56,2,6,120,87,70,65,109,68,60,62,79,110,37,14,18,38,74,126,73,127
1.2.3.,Cost of redundancy dismissal, ,87,71,117,38,43,1,90,1,119,90,81,41,126,26,93,62,1,20,35,67,80,82,31,107,107,68,76,50,60,1,83,1,103,120,122,96,44,79,33,42,20,88,66,104,32,117,1,52,46,64,125,97,56,111,1,54,1,1,22,1,107,113,71,47,60,100,92,58,69,115,53,1,36,94,95,22,39,85,123,30,105,65,1,55,1,22,1,105,75,114,40,111,78,70,98,1,73,45,99,59,1,1,77,37,27,74,126,57,33,63,27,47,121,51,84,89,116,22,47,1,27,1,86,101,110,124,102
1.3.,Business environment, ,43,99,118,61,16,27,47,45,116,64,22,106,127,80,71,123,62,59,93,85,115,122,7,68,75,57,72,91,55,20,28,4,112,119,90,102,24,114,1,25,53,19,49,97,124,117,2,63,18,121,79,98,5,35,44,40,21,82,31,83,3,74,92,26,88,42,54,96,111,50,93,66,29,51,41,56,34,67,76,87,86,9,13,100,125,6,46,101,107,108,73,81,30,15,52,39,36,60,120,109,48,11,32,14,58,23,84,17,33,105,104,12,37,103,77,69,95,89,78,38,8,10,70,113,110,65,126
1.3.1.,Ease of starting a business, ,39,106,115,9,7,85,5,60,93,28,16,48,124,122,113,123,68,67,59,17,126,110,2,50,96,52,95,43,76,45,66,22,89,118,33,97,13,125,25,24,8,88,47,91,100,109,3,62,31,114,112,77,10,35,54,12,72,81,38,90,11,121,27,20,104,26,55,87,111,86,83,99,41,75,37,32,49,34,101,119,84,20,1,71,103,19,29,105,36,107,78,120,82,29,74,53,23,63,108,73,40,6,56,42,98,69,61,14,58,69,102,4,64,94,57,78,65,117,18,45,15,44,51,92,116,80,127
1.3.2.,Ease of resolving insolvency, ,40,68,87,71,20,19,78,80,121,64,9,101,85,38,59,62,54,45,99,114,66,104,14,52,50,31,95,63,51,15,24,8,125,124,97,73,39,103,1,22,94,3,49,119,100,112,26,58,13,111,70,123,16,29,23,35,2,115,34,83,4,96,108,41,116,61,74,107,126,43,88,76,36,28,56,82,37,109,60,86,81,10,32,93,113,6,84,77,110,91,72,53,25,7,102,46,48,67,127,90,44,27,33,11,47,17,69,18,42,117,89,30,21,79,65,55,106,98,120,92,12,5,57,105,122,75,118
1.3.3.,Ease of paying taxes, ,73,108,122,67,23,37,35,4,104,74,56,119,127,95,46,124,68,65,103,88,89,123,16,87,94,97,53,121,42,30,45,7,93,96,111,114,19,69,13,54,20,41,55,71,126,105,3,62,27,118,77,75,5,72,91,85,59,64,51,90,21,6,102,14,57,25,15,86,76,52,100,29,38,83,28,31,48,36,81,60,99,18,11,113,125,24,12,109,117,106,78,84,40,34,1,43,38,50,58,120,63,8,47,22,44,33,110,26,17,98,107,9,80,116,101,79,92,61,66,1,10,32,82,115,70,49,112
2,Human capital and research, ,91,86,34,103,9,8,108,73,124,36,11,97,85,39,65,50,69,56,110,114,118,101,20,61,25,66,62,117,47,40,30,3,109,93,82,100,38,115,1,12,89,10,16,107,126,102,28,42,26,64,92,45,18,15,32,88,14,83,71,119,2,68,74,52,78,46,33,116,122,35,123,37,76,55,59,81,49,63,104,94,113,19,17,98,112,21,51,121,96,87,84,95,48,29,58,75,23,90,31,67,54,5,53,24,60,27,105,4,7,80,125,77,72,111,99,44,43,106,41,22,6,13,57,70,120,127,79
2.1.,Education, ,92,83,34,110,26,24,125,82,126,12,6,90,52,1,9,56,68,63,118,95,119,100,74,65,8,91,33,99,15,21,43,4,115,89,58,106,25,116,5,27,88,29,2,112,124,79,73,57,11,114,103,93,20,44,48,62,46,105,78,104,40,61,32,35,111,47,59,122,101,77,109,7,45,80,31,71,39,66,64,53,108,18,13,49,98,14,81,120,102,86,94,113,36,19,97,84,23,67,50,69,70,76,60,16,75,38,107,10,28,54,121,51,85,96,87,55,72,123,30,3,22,41,37,17,117,127,42
2.1.1.,Expenditure on education, ,91,70,30,103,41,29,108,107,111,52,17,72,11,n/a,1,21,88,80,82,35,115,98,40,60,n/a,68,8,61,65,16,78,2,113,56,86,93,58,67,13,32,114,53,n/a,99,96,23,95,73,6,84,94,101,36,24,75,34,85,n/a,104,39,62,n/a,31,57,109,63,76,112,27,49,89,5,50,44,9,64,n/a,42,15,4,87,28,18,14,n/a,10,48,105,97,51,81,106,55,38,90,100,83,47,45,12,74,102,79,33,20,71,110,7,46,43,92,n/a,77,37,n/a,19,59,116,22,n/a,25,54,69,26,66,117,3
2.1.2.,"Government expenditure on education per pupil, secondary", ,104,n/a,43,82,66,17,n/a,n/a,100,n/a,8,92,57,n/a,3,48,52,44,73,13,n/a,54,60,80,n/a,75,21,18,n/a,7,36,15,83,106,n/a,96,40,27,11,20,85,35,n/a,105,91,62,51,72,59,67,97,81,24,74,38,19,29,71,56,31,37,65,n/a,28,103,64,55,101,30,58,46,4,12,69,5,78,n/a,9,2,76,93,33,47,1,n/a,26,49,79,98,70,86,99,45,14,95,87,n/a,6,61,16,88,68,53,25,50,42,102,32,23,n/a,90,n/a,63,77,n/a,34,84,94,22,n/a,39,41,n/a,n/a,89,n/a,10
2.1.3.,School life expectancy, ,35,60,16,67,1,31,n/a,n/a,103,34,2,85,n/a,n/a,87,41,56,51,114,98,99,84,n/a,22,62,59,43,105,42,57,17,6,70,45,71,69,26,110,4,27,37,15,12,97,108,92,n/a,38,3,89,75,53,7,33,23,n/a,39,80,48,94,18,68,72,29,93,21,64,100,96,74,113,46,54,66,90,47,44,86,104,n/a,83,9,5,115,109,13,61,112,77,82,65,81,25,19,73,52,50,95,28,107,58,78,49,14,79,11,63,8,30,91,111,76,32,88,n/a,55,24,102,40,n/a,10,20,36,n/a,106,n/a,101
2.1.4.,"Assessment in reading, mathematics, and science", ,57,69,39,n/a,19,25,n/a,n/a,n/a,n/a,18,n/a,n/a,n/a,n/a,64,n/a,45,n/a,n/a,n/a,n/a,5,44,8,59,54,n/a,34,46,28,16,70,n/a,n/a,n/a,4,n/a,6,24,61,11,42,n/a,n/a,n/a,2,36,33,71,63,n/a,10,38,31,n/a,3,62,53,n/a,7,n/a,n/a,30,66,35,32,n/a,n/a,58,n/a,40,n/a,55,51,n/a,52,n/a,n/a,n/a,n/a,12,14,n/a,n/a,15,n/a,n/a,n/a,n/a,65,n/a,17,22,60,47,26,n/a,n/a,n/a,43,1,41,9,n/a,27,n/a,23,13,n/a,n/a,68,56,n/a,50,67,49,n/a,n/a,37,21,29,48,20,n/a,n/a,n/a
2.1.5.,"Pupil-teacher ratio, secondary", ,53,n/a,43,n/a,n/a,22,n/a,23,106,12,19,28,76,26,56,73,15,52,94,107,103,80,n/a,83,55,95,57,98,7,29,37,34,87,88,60,91,9,109,48,50,4,42,11,47,105,70,51,27,n/a,104,66,74,n/a,46,36,72,38,n/a,1,111,68,3,45,10,5,8,16,90,110,40,78,6,49,71,18,61,n/a,n/a,108,92,102,62,58,100,79,n/a,n/a,84,67,77,59,99,20,24,30,41,14,85,31,82,13,64,32,25,93,39,75,44,17,65,97,21,101,96,n/a,54,81,86,2,33,69,63,35,n/a,n/a,n/a,89
2.2.,Tertiary education, ,81,63,44,88,10,2,84,35,106,17,31,94,n/a,76,96,101,27,45,102,119,105,93,n/a,55,104,69,78,113,52,16,21,19,91,99,103,85,40,110,11,18,83,20,9,92,118,107,4,64,46,68,87,3,22,62,51,98,60,43,57,122,15,41,73,56,37,50,36,100,121,24,120,61,65,72,58,70,25,39,117,108,111,49,7,112,114,47,6,115,80,79,66,74,71,33,13,42,23,95,29,32,38,1,53,30,89,34,97,28,12,67,123,75,90,116,n/a,14,48,82,26,8,5,54,59,86,109,n/a,77
2.2.1.,Tertiary enrolment, ,44,70,11,60,3,13,89,69,99,6,22,97,n/a,n/a,84,53,78,21,114,117,100,95,n/a,5,62,47,49,108,27,42,34,14,55,65,72,81,26,110,7,36,61,31,1,94,101,90,30,52,15,88,77,23,19,33,39,85,37,59,57,118,2,86,58,32,68,29,92,115,121,87,112,56,71,79,63,28,48,83,113,107,98,18,16,120,104,20,76,106,67,74,64,73,24,35,96,50,17,111,40,103,43,25,51,10,93,4,91,41,45,80,119,66,54,102,n/a,75,8,116,12,n/a,46,9,38,82,105,n/a,109
2.2.2.,Graduates in science and engineering, ,73,17,89,90,79,15,46,60,82,12,76,92,n/a,84,70,96,6,56,69,100,93,49,n/a,62,n/a,38,91,n/a,33,65,36,53,87,86,97,41,44,98,16,32,75,n/a,11,74,n/a,94,5,72,81,10,47,2,34,n/a,55,n/a,59,78,26,n/a,8,21,67,68,35,43,77,54,n/a,7,n/a,63,37,19,24,61,n/a,4,99,102,95,88,66,101,n/a,57,1,n/a,80,n/a,n/a,27,71,23,18,29,13,39,20,n/a,22,n/a,51,31,64,42,58,25,45,14,n/a,48,n/a,n/a,n/a,3,50,n/a,28,52,30,85,83,40,n/a,n/a,9
2.2.3.,Tertiary level inbound mobility, ,74,88,n/a,47,6,10,67,12,106,54,14,22,n/a,25,76,100,37,44,57,81,n/a,80,n/a,96,98,101,n/a,72,93,8,21,18,65,89,70,92,35,n/a,24,20,51,23,45,n/a,83,85,16,28,30,102,104,97,29,61,39,n/a,53,13,68,n/a,75,n/a,41,36,19,64,1,73,79,26,90,31,50,99,63,86,n/a,71,94,17,107,27,5,34,n/a,52,60,n/a,n/a,n/a,n/a,105,77,49,1,42,56,82,38,11,48,1,33,62,46,58,95,32,9,87,n/a,59,66,78,n/a,69,84,15,55,1,7,40,n/a,103,43,n/a,91
2.3.,Research and development (R&D), ,101,115,37,95,13,18,70,76,88,60,16,115,99,92,82,29,115,52,102,105,115,115,15,50,17,43,59,115,56,74,28,7,115,71,54,108,42,83,9,12,91,8,36,112,115,115,33,34,24,32,63,58,19,2,21,115,3,68,55,73,1,86,106,57,49,45,31,114,113,35,85,44,98,41,81,104,77,65,94,89,90,14,23,115,100,20,78,67,110,103,72,64,46,30,66,62,25,115,26,79,53,11,48,27,39,22,93,5,6,107,87,75,40,97,109,61,38,84,51,47,10,4,69,80,115,96,111
2.3.1.,Researchers, ,80,n/a,44,n/a,15,11,n/a,67,n/a,n/a,12,n/a,79,69,78,55,n/a,39,90,n/a,n/a,n/a,16,64,45,84,62,n/a,43,48,25,2,n/a,66,57,n/a,28,91,5,21,61,19,27,99,n/a,n/a,26,33,8,81,87,56,13,1,36,n/a,9,70,54,73,3,83,n/a,41,n/a,30,10,88,89,37,98,40,77,72,59,n/a,53,47,92,82,n/a,14,22,n/a,95,7,74,71,94,76,n/a,75,34,23,60,50,29,101,n/a,68,35,6,31,24,65,32,85,4,17,n/a,100,52,51,96,n/a,42,46,97,49,38,18,20,63,58,n/a,93,86
2.3.2.,Gross expenditure on R&D (GERD), ,95,n/a,55,83,16,5,87,103,n/a,63,11,n/a,93,88,60,32,n/a,38,90,99,n/a,n/a,22,71,17,86,57,n/a,42,67,19,6,n/a,68,49,106,24,56,8,12,104,9,39,109,n/a,n/a,47,25,13,43,105,78,23,1,26,n/a,3,70,92,45,2,80,100,53,n/a,35,27,110,n/a,29,58,46,91,59,74,94,72,50,75,76,79,18,33,n/a,89,20,85,84,108,98,97,96,36,28,66,64,34,n/a,44,61,40,15,31,14,48,30,102,4,7,101,62,69,52,82,107,51,37,65,54,41,21,10,77,73,n/a,81,n/a
2.3.3.,"Global R&D companies, average expenditure top 3", ,43,43,35,43,19,27,43,43,43,43,20,43,43,43,43,21,43,43,43,43,43,43,16,43,6,33,43,43,43,43,40,17,43,43,43,43,43,43,15,8,43,2,38,43,43,43,43,30,34,14,43,43,12,18,9,43,4,43,43,43,5,43,43,43,43,43,26,43,43,42,43,41,43,37,43,43,43,43,43,43,43,10,32,43,43,24,43,43,43,43,43,43,43,39,43,43,25,43,23,43,43,22,43,28,31,13,43,11,3,43,43,43,36,43,43,43,29,43,43,43,7,1,43,43,43,43,43
2.3.4.,QS university ranking average score top 3 universities, ,75,75,28,75,7,26,56,57,69,55,16,75,75,75,75,24,75,66,75,75,75,75,5,31,4,34,52,75,65,75,42,15,75,62,48,75,53,75,17,10,75,11,46,75,75,75,6,49,75,21,38,45,19,22,27,75,8,58,35,73,9,70,75,67,39,50,75,75,75,29,75,75,75,32,75,75,75,75,75,75,75,13,18,75,75,20,64,51,75,75,54,47,44,36,63,59,25,75,30,75,71,12,68,61,33,23,72,14,3,75,75,75,37,75,75,75,41,74,43,40,2,1,60,75,75,75,75
3,Infrastructure, ,66,79,65,91,7,16,50,38,95,67,32,123,102,96,83,57,55,48,118,124,113,119,18,47,27,44,61,114,33,59,30,15,78,76,93,98,11,107,8,12,74,20,58,103,121,104,4,46,25,73,81,99,17,28,19,108,9,87,60,97,13,49,94,42,88,31,24,125,117,45,122,23,64,53,82,86,54,51,110,92,105,14,22,112,111,1,56,109,36,89,69,72,41,39,26,37,62,85,40,106,52,2,35,34,75,10,63,3,6,120,100,80,71,115,101,70,68,84,90,29,5,21,43,77,126,116,127
3.1.,Information and communication technologies (ICTs), ,74,113,49,79,4,16,47,25,95,59,32,123,88,81,103,41,85,50,115,125,118,119,12,40,48,52,54,114,33,65,56,14,89,77,91,90,17,104,9,8,69,18,51,86,126,107,10,60,26,80,99,98,28,24,20,96,5,87,46,93,2,45,92,55,70,27,21,120,116,44,124,22,58,42,62,73,43,53,117,108,101,3,6,127,105,19,57,109,94,84,82,78,35,37,39,66,36,100,38,106,31,7,63,29,76,15,83,13,30,122,97,61,71,112,72,64,67,102,68,23,1,11,34,75,121,110,111
3.1.1.,ICT access, ,87,82,58,62,20,15,57,29,109,32,16,113,95,74,96,66,47,53,112,123,99,115,25,56,77,73,65,101,36,51,38,14,94,84,78,83,24,124,33,11,67,5,31,93,120,100,4,35,2,106,88,68,22,18,33,85,10,70,37,103,8,39,97,40,62,49,1,121,126,59,107,6,53,81,61,80,55,71,111,97,108,7,17,125,110,21,41,104,72,91,86,89,48,26,29,52,44,117,42,102,45,11,45,26,76,28,92,13,9,n/a,117,60,75,119,50,79,69,122,64,23,3,19,43,90,116,114,105
3.1.2.,ICT use, ,71,89,52,72,15,27,45,20,113,39,22,124,92,66,81,47,85,42,115,123,97,117,24,59,61,72,43,98,37,50,28,1,78,80,84,101,13,118,7,16,68,19,50,105,119,106,12,55,5,109,96,91,21,38,34,76,8,83,57,99,3,36,95,33,48,29,10,122,116,41,114,26,74,65,64,75,60,79,119,90,107,14,11,126,94,4,53,112,82,86,87,88,54,46,31,58,40,104,31,103,49,18,30,44,68,23,102,6,2,n/a,125,56,63,121,62,70,67,108,93,25,9,17,35,77,111,110,100
3.1.3.,Government's online service, ,67,125,43,96,2,11,47,22,60,87,43,119,86,94,109,37,83,74,116,118,126,113,4,28,31,27,55,116,33,78,89,28,83,57,90,87,13,79,5,5,55,21,71,51,123,108,n/a,57,60,33,102,104,39,18,17,103,15,91,31,75,5,53,96,62,81,22,40,112,113,40,122,26,45,19,67,81,47,36,115,109,99,9,5,124,98,25,67,106,104,64,57,51,45,33,49,91,37,91,49,100,24,3,95,19,75,11,53,15,64,121,72,62,77,107,79,40,64,85,70,13,1,9,28,72,119,101,111
3.1.4.,Online e-participation, ,54,122,59,82,2,14,47,32,82,74,54,117,70,87,107,37,101,43,111,119,125,117,8,32,22,27,54,119,25,82,74,22,89,70,97,74,22,89,8,12,74,27,63,59,123,98,n/a,89,49,27,101,113,39,17,8,110,2,95,65,82,4,54,65,82,89,17,43,113,107,47,125,25,49,14,49,39,17,17,113,111,87,5,5,123,105,27,74,101,101,70,80,65,14,49,54,59,32,89,39,98,17,8,80,37,74,7,49,27,70,113,65,63,65,98,96,43,59,89,32,32,1,12,39,43,121,105,107
3.2.,General infrastructure, ,77,8,96,112,12,19,68,22,71,79,17,93,117,106,45,91,6,72,103,126,92,114,7,54,3,86,104,105,83,113,20,44,102,78,100,118,38,39,15,25,53,26,109,123,110,88,29,57,9,32,35,59,34,42,56,120,28,89,49,69,11,23,64,63,115,73,41,119,107,37,90,48,97,67,98,80,74,61,33,62,58,30,36,27,121,1,24,111,4,99,75,84,55,82,2,60,81,14,13,94,95,10,50,65,46,40,70,5,18,122,47,124,51,87,116,101,76,31,108,21,43,16,85,52,127,66,125
3.2.1.,Electricity output, ,83,82,59,68,13,27,65,3,107,56,34,119,98,50,91,63,12,30,n/a,n/a,112,108,5,52,51,89,76,106,61,41,24,40,80,85,78,92,22,116,9,17,74,21,48,100,n/a,93,36,62,1,94,96,57,32,23,47,86,20,64,33,111,11,6,71,67,54,90,75,n/a,n/a,42,n/a,37,73,70,87,79,39,97,102,103,114,31,15,117,113,1,29,105,72,18,88,99,49,43,4,60,25,n/a,14,110,45,16,44,28,46,35,104,7,19,77,115,66,69,118,26,81,58,n/a,53,10,38,8,55,84,109,95,101
3.2.2.,Logistics performance, ,110,75,65,121,19,7,107,43,86,112,6,109,120,95,56,54,69,72,80,101,73,125,14,45,26,92,87,93,50,58,25,17,89,74,48,82,37,116,15,16,118,1,46,105,117,106,9,30,38,34,62,94,18,27,21,111,12,66,77,41,24,52,123,42,81,28,2,124,71,31,103,55,99,53,91,102,114,85,84,78,115,4,36,97,88,22,47,67,39,98,68,70,32,35,29,59,96,61,51,119,76,5,40,49,20,23,83,3,11,127,60,100,44,90,113,104,33,57,79,13,8,10,64,63,122,108,126
3.2.3.,Gross capital formation, ,24,1,106,76,45,61,19,83,25,32,51,34,92,103,17,98,5,65,114,123,57,66,56,63,3,44,93,79,95,121,36,86,80,46,113,116,49,6,72,62,10,91,122,119,104,38,64,75,77,12,8,23,60,89,105,109,71,88,28,59,22,52,11,70,n/a,100,96,110,120,35,90,42,68,54,73,31,30,18,7,21,9,87,53,4,117,27,15,111,2,107,47,50,78,112,n/a,43,69,20,13,33,97,39,58,94,85,74,26,41,55,99,16,n/a,48,37,118,67,101,40,108,84,102,82,81,29,124,14,115
3.3.,Ecological sustainability, ,38,74,51,68,41,29,47,101,96,65,54,121,80,99,57,52,84,24,117,70,113,102,75,46,78,13,33,114,12,10,17,11,28,60,63,64,9,124,34,35,93,36,26,81,91,86,1,22,66,103,69,105,8,42,4,73,32,72,94,112,79,92,100,19,76,16,25,120,110,62,118,15,37,58,87,106,55,49,125,53,119,39,50,122,108,30,107,104,21,67,40,44,45,18,88,3,83,109,89,90,56,14,5,27,98,6,23,20,2,82,116,43,77,123,111,48,59,85,95,71,7,61,31,97,115,126,127
3.3.1.,GDP per unit of energy use, ,22,48,56,74,67,32,39,111,18,94,63,107,72,108,25,47,73,87,n/a,n/a,81,66,97,43,98,4,15,104,50,20,78,11,7,28,29,29,92,114,89,51,83,32,32,63,n/a,86,1,53,116,65,36,100,4,37,18,69,46,60,102,101,91,76,106,53,52,43,17,n/a,n/a,71,n/a,9,8,41,103,93,58,21,115,27,99,40,75,94,82,43,90,57,3,42,12,16,55,25,88,31,108,n/a,85,69,119,9,59,61,110,23,2,62,4,79,105,48,80,113,118,32,37,n/a,112,68,14,76,13,84,23,96,117
3.3.2.,Environmental performance, ,57,76,43,37,13,18,31,77,120,35,41,117,69,98,72,45,86,33,116,118,110,106,25,51,93,55,42,101,15,40,27,4,56,88,89,85,8,115,1,10,94,30,21,79,107,79,n/a,28,2,108,91,90,19,48,29,53,39,68,64,99,73,95,65,22,83,23,20,123,113,59,121,9,70,63,54,96,46,60,119,71,112,36,11,122,104,17,100,109,50,75,67,62,38,7,78,34,32,111,84,97,47,14,24,5,74,6,92,3,16,66,103,49,81,114,58,52,87,105,44,82,12,26,61,102,n/a,n/a,n/a
3.3.3.,ISO 14001 environmental certificates, ,31,110,55,115,26,33,89,58,112,44,46,124,74,28,103,65,66,6,119,n/a,92,102,73,39,18,23,57,100,8,9,5,24,108,60,70,101,1,126,17,43,95,48,25,111,118,59,53,14,27,69,72,80,45,34,7,82,20,71,99,90,37,93,122,12,86,10,49,107,116,35,120,42,67,78,62,113,52,79,87,76,97,38,56,114,121,29,77,83,98,104,61,75,40,21,64,1,94,123,106,84,4,30,3,19,54,11,68,13,15,117,105,22,41,109,81,50,51,96,85,36,16,91,32,47,125,88,63
4,Market sophistication, ,41,122,104,46,9,30,23,84,103,90,40,120,63,79,52,74,54,76,121,114,37,113,3,50,28,31,101,123,88,19,47,6,70,68,107,87,26,127,13,11,53,16,48,77,126,66,2,91,24,39,64,112,25,15,36,95,12,116,80,56,14,58,61,38,96,32,78,106,118,20,124,69,44,49,62,35,65,89,111,97,75,17,8,125,94,22,72,102,83,45,27,92,55,43,85,73,60,93,51,115,99,4,67,82,21,18,86,10,7,29,110,59,42,119,71,98,57,108,81,33,5,1,109,34,117,100,105
4.1.,Credit, ,82,125,116,16,5,36,43,57,96,114,66,109,24,60,68,102,55,76,108,97,7,112,8,61,48,33,62,119,92,2,41,6,107,38,111,65,30,126,26,42,31,28,34,73,123,52,3,80,32,74,99,69,40,39,50,75,12,124,105,22,13,51,27,25,86,44,94,122,117,46,120,67,23,63,79,14,47,93,121,91,83,35,4,118,103,18,78,113,53,19,15,110,70,37,85,72,81,54,59,106,84,11,45,90,49,20,115,21,9,29,100,64,58,77,95,88,89,101,71,56,10,1,104,17,127,87,98
4.1.1.,Ease of getting credit, ,40,124,72,19,5,55,98,84,119,84,84,108,104,40,67,84,55,29,108,124,7,104,7,72,55,2,7,108,67,55,29,29,84,84,72,40,29,121,40,72,7,29,72,15,108,7,19,19,55,40,55,84,29,40,84,15,72,126,67,29,40,98,29,7,98,29,121,121,84,19,108,108,40,5,29,55,7,84,119,55,108,72,1,108,40,67,104,72,19,84,15,98,19,84,108,7,40,2,72,108,40,19,40,104,55,55,98,67,55,98,40,15,72,108,40,84,72,40,19,84,19,2,55,29,126,19,72
4.1.2.,Domestic credit to private sector, ,90,110,117,75,13,35,84,40,77,126,51,111,52,64,95,44,81,58,101,120,50,114,18,24,7,74,55,106,47,1,70,5,102,103,104,76,41,113,30,29,72,38,21,94,119,59,2,89,32,67,83,61,62,45,34,99,4,42,85,92,11,27,107,73,25,80,31,123,124,17,105,28,26,97,93,60,69,49,91,63,48,23,10,122,121,12,46,115,33,53,86,79,65,19,43,100,57,109,56,96,78,15,66,71,9,20,82,16,6,108,116,68,8,88,87,37,36,118,54,39,14,3,98,22,125,112,n/a
4.1.3.,Microfinance institutions' gross loan portfolio, ,35,n/a,78,7,n/a,n/a,10,n/a,16,30,n/a,21,1,23,n/a,62,n/a,75,19,13,1,25,n/a,28,73,17,67,37,70,n/a,n/a,n/a,29,8,61,22,n/a,66,n/a,n/a,15,n/a,n/a,52,46,32,n/a,79,n/a,34,68,n/a,n/a,n/a,n/a,53,n/a,36,59,9,n/a,n/a,11,n/a,57,n/a,n/a,24,42,54,44,n/a,n/a,47,38,1,26,33,51,65,18,n/a,n/a,27,56,n/a,n/a,50,43,5,6,39,55,n/a,n/a,72,60,31,n/a,20,45,n/a,n/a,n/a,74,n/a,63,n/a,n/a,1,48,40,81,14,77,41,76,49,80,n/a,n/a,n/a,71,12,64,58,69
4.2.,Investment, ,4,124,100,62,40,63,13,98,99,51,37,64,112,73,23,78,28,70,114,55,88,55,2,58,85,61,127,123,76,77,89,5,24,103,121,101,20,125,9,10,60,41,84,94,91,47,8,105,12,36,96,126,29,6,71,44,45,122,53,93,32,79,52,42,118,27,46,31,106,22,110,35,54,86,15,34,21,97,47,80,19,26,25,64,90,38,68,83,92,55,87,111,81,74,113,102,95,67,82,108,69,1,119,59,17,43,39,7,14,11,120,30,50,64,18,117,72,116,107,33,16,3,104,109,47,115,75
4.2.1.,Ease of protecting minority investors, ,19,124,50,52,62,31,31,89,67,41,62,111,105,75,75,31,86,13,111,105,92,105,7,31,98,13,121,111,26,26,52,19,80,95,92,120,52,126,67,31,7,52,41,124,111,101,3,75,22,13,67,121,13,9,41,62,52,121,3,80,13,75,41,41,111,50,98,92,101,3,111,31,31,52,41,25,41,80,101,75,62,67,1,111,31,9,95,26,67,105,52,105,41,67,127,52,52,86,62,105,67,1,80,9,22,31,41,19,89,26,111,13,26,111,52,95,22,89,67,9,6,40,98,80,101,80,86
4.2.2.,Market capitalization, ,n/a,n/a,77,85,13,56,n/a,28,40,n/a,11,n/a,65,74,n/a,51,n/a,69,n/a,n/a,n/a,n/a,8,20,21,49,83,39,41,71,63,n/a,n/a,n/a,64,36,n/a,n/a,n/a,16,80,31,60,n/a,n/a,n/a,1,68,n/a,22,38,52,35,19,53,43,7,23,62,58,12,n/a,84,n/a,59,n/a,18,n/a,73,6,n/a,34,27,42,n/a,75,10,33,n/a,86,n/a,9,37,n/a,76,32,29,67,44,n/a,47,17,50,46,15,79,48,n/a,25,n/a,78,4,82,70,1,24,57,n/a,3,n/a,n/a,81,14,n/a,n/a,61,55,45,66,30,26,5,n/a,54,n/a,72,n/a
4.2.3.,Venture capital deals, ,n/a,81,78,n/a,22,25,n/a,57,91,82,19,n/a,n/a,n/a,n/a,48,n/a,76,39,n/a,54,n/a,1,71,26,69,62,61,68,38,42,6,n/a,85,72,n/a,12,66,5,1,44,16,58,n/a,24,n/a,34,45,9,40,80,92,17,1,30,n/a,49,65,88,29,53,87,n/a,52,23,18,13,n/a,n/a,55,37,15,35,70,n/a,n/a,n/a,50,n/a,n/a,n/a,11,20,n/a,86,33,n/a,89,46,n/a,64,74,47,21,n/a,67,90,31,84,43,n/a,14,83,41,51,27,n/a,8,10,n/a,79,n/a,77,n/a,n/a,32,73,63,75,28,7,1,59,60,n/a,56,36
4.3.,"Trade, competition, & market scale", ,95,85,59,101,13,29,80,77,82,54,24,125,89,91,75,32,90,60,122,124,98,121,9,30,2,33,65,110,62,86,31,37,67,72,56,71,70,114,51,6,78,4,43,50,123,93,17,53,102,16,8,99,38,44,10,117,3,74,52,76,18,47,109,69,63,55,66,106,112,21,120,94,84,7,111,103,119,49,104,97,113,15,45,126,58,36,57,68,83,92,35,27,20,42,40,39,12,116,19,118,107,22,46,64,34,11,61,28,23,115,88,81,26,127,105,73,14,87,48,25,5,1,96,41,100,79,108
4.3.1.,"Applied tariff rate, weighted mean", ,15,108,106,59,53,23,92,71,121,52,23,126,87,14,6,108,5,23,112,94,90,125,11,8,76,81,61,115,18,23,23,23,100,96,103,51,23,123,23,23,4,23,23,21,122,64,1,23,9,100,58,124,23,57,23,112,20,79,86,107,88,68,62,23,63,23,23,98,83,17,116,23,7,12,72,85,60,64,80,10,119,23,19,120,114,13,54,111,99,84,22,56,23,23,74,23,66,104,75,118,n/a,1,23,23,82,23,93,23,1,105,102,16,77,117,108,78,70,97,55,67,23,50,89,69,91,72,95
4.3.2.,Intensity of local competition, ,107,123,112,86,6,22,106,60,69,n/a,12,84,79,110,49,51,102,98,n/a,113,93,83,31,61,35,23,48,90,87,42,14,30,20,73,117,52,15,122,89,13,75,9,70,25,119,76,2,120,82,91,50,116,63,64,45,27,1,37,97,18,7,58,121,34,32,26,41,101,104,39,111,4,47,56,105,100,114,68,108,95,80,10,28,n/a,72,67,103,109,33,71,66,59,46,55,16,88,78,74,36,53,118,19,24,54,29,17,65,21,38,92,94,40,43,n/a,57,81,11,44,99,8,3,5,96,77,115,62,85
4.3.3.,Domestic market scale, ,105,33,25,112,19,43,64,86,32,65,35,116,81,96,103,7,106,69,107,127,90,82,16,41,1,30,80,75,73,109,46,56,66,59,21,92,98,61,58,10,101,5,53,70,124,95,42,55,123,3,8,18,49,52,12,115,4,76,39,67,13,50,119,93,78,77,91,100,118,27,99,122,113,11,121,102,126,54,104,111,85,26,60,120,22,45,62,24,74,89,44,28,23,51,48,40,6,117,14,97,72,38,63,87,29,15,57,36,37,114,68,108,20,125,94,71,17,79,47,31,9,2,83,34,84,88,110
5,Business sophistication, ,102,119,59,85,27,19,110,93,99,65,22,88,98,90,91,43,34,32,14,36,111,109,24,46,9,64,52,121,53,31,26,12,67,103,120,82,29,108,6,18,101,15,80,47,124,70,16,40,20,55,96,115,10,5,35,69,11,104,87,62,17,127,89,39,61,41,7,116,66,48,74,21,86,71,81,76,58,122,106,113,95,1,28,72,118,23,126,78,94,92,49,45,42,50,84,63,33,44,54,105,79,2,38,30,57,37,83,4,3,107,97,56,68,117,77,112,75,60,51,25,13,8,100,73,123,125,114
5.1.,Knowledge workers, ,103,115,42,65,10,17,88,98,84,25,6,107,56,61,76,52,7,43,100,60,117,86,27,44,1,48,68,110,32,49,30,8,36,73,108,87,28,121,5,13,90,12,55,89,120,82,35,53,16,83,123,96,20,18,40,81,15,127,58,95,22,126,70,46,47,31,23,125,57,93,105,34,92,75,71,50,62,109,122,111,106,21,29,59,99,9,118,74,101,79,38,45,39,37,112,63,24,66,64,124,72,4,51,19,67,33,97,2,3,94,119,54,85,69,80,91,77,113,41,26,14,11,78,102,114,116,104
5.1.1.,Employment in knowledge-intensive services, ,85,95,61,46,13,23,62,71,74,34,11,n/a,86,60,80,67,25,43,n/a,n/a,102,n/a,18,54,n/a,83,66,n/a,36,38,31,12,79,88,40,92,17,104,10,14,65,16,47,97,108,93,27,39,7,n/a,96,81,24,6,35,73,55,n/a,41,n/a,68,n/a,78,22,45,20,1,106,n/a,53,n/a,26,56,77,50,57,32,99,n/a,89,101,9,19,n/a,n/a,4,n/a,75,59,76,90,58,29,37,84,63,15,105,52,n/a,48,2,44,21,64,42,82,5,3,n/a,107,51,91,n/a,49,70,72,103,30,33,8,28,69,94,87,98,100
5.1.2.,Firms offering formal training, ,66,83,5,84,n/a,n/a,75,n/a,72,21,n/a,76,11,18,19,29,n/a,28,65,46,69,62,n/a,10,1,4,16,77,23,n/a,14,n/a,12,3,91,17,38,74,n/a,n/a,89,n/a,n/a,19,73,37,n/a,85,n/a,36,90,n/a,n/a,78,n/a,60,n/a,92,55,33,n/a,n/a,6,64,58,30,n/a,87,42,79,44,n/a,61,22,43,7,67,59,71,63,48,n/a,n/a,44,51,n/a,n/a,46,88,15,8,9,40,n/a,n/a,32,26,13,n/a,82,34,n/a,27,31,35,n/a,80,2,n/a,41,51,25,81,50,57,53,54,39,68,n/a,n/a,n/a,24,69,86,56,49
5.1.3.,GERD performed by business enterprise, ,n/a,n/a,59,n/a,17,5,77,78,n/a,41,11,n/a,n/a,66,62,n/a,n/a,26,n/a,n/a,n/a,n/a,24,58,13,63,51,n/a,37,65,21,10,n/a,53,72,n/a,27,82,8,14,n/a,9,45,90,n/a,n/a,44,23,15,46,76,67,20,1,25,n/a,3,n/a,70,68,2,n/a,79,56,n/a,47,29,n/a,n/a,32,83,38,n/a,54,64,81,57,50,86,74,n/a,19,33,n/a,n/a,22,73,n/a,88,89,n/a,69,35,31,60,49,28,n/a,n/a,85,48,16,43,12,42,30,71,4,6,n/a,n/a,75,36,n/a,87,61,34,55,40,39,18,7,80,52,n/a,84,n/a
5.1.4.,GERD financed by business enterprise, ,81,n/a,55,n/a,9,18,50,60,n/a,32,10,n/a,77,48,65,42,n/a,59,70,n/a,n/a,n/a,27,46,2,44,85,n/a,23,67,43,13,n/a,93,76,88,33,87,15,14,n/a,7,47,n/a,n/a,n/a,25,20,45,n/a,n/a,49,17,40,26,n/a,1,n/a,52,79,3,86,83,63,n/a,54,66,n/a,n/a,75,73,28,91,62,n/a,74,53,51,89,71,n/a,21,37,n/a,92,29,61,n/a,72,90,n/a,41,38,30,58,39,56,n/a,n/a,80,69,16,57,5,31,24,34,11,12,84,94,n/a,6,n/a,n/a,64,19,68,35,4,22,8,78,36,n/a,82,n/a
5.1.5.,Females employed with advanced degrees, ,65,78,34,42,16,36,50,n/a,n/a,1,14,n/a,n/a,81,67,66,n/a,24,n/a,n/a,n/a,n/a,30,38,n/a,58,48,n/a,37,11,59,18,52,62,76,88,7,74,6,20,39,51,31,80,n/a,n/a,46,41,15,n/a,77,n/a,8,4,60,n/a,22,n/a,29,n/a,35,n/a,61,12,n/a,5,21,83,n/a,57,n/a,55,73,69,43,32,n/a,n/a,87,n/a,n/a,27,25,n/a,n/a,9,n/a,n/a,33,54,45,47,26,40,79,63,2,n/a,75,86,56,13,53,23,64,19,68,10,28,n/a,85,49,71,n/a,n/a,n/a,70,82,3,n/a,17,n/a,44,72,84,n/a,n/a
5.2.,Innovation linkages, ,101,111,119,114,52,23,107,32,81,124,24,38,125,80,54,63,64,21,1,36,55,83,27,74,62,103,92,104,89,26,40,17,75,120,113,70,39,82,5,41,98,20,91,8,86,53,13,76,18,37,44,77,22,2,43,58,19,45,121,11,28,110,118,29,60,42,3,90,56,47,69,9,78,84,117,123,57,115,46,65,73,7,35,127,122,30,97,99,93,116,88,95,66,68,51,71,105,25,49,33,87,16,34,61,50,67,79,6,4,102,31,48,85,126,59,112,96,14,72,12,10,15,94,100,108,109,106
5.2.1.,University/industry research collaboration, ,96,108,68,86,32,15,52,42,116,n/a,9,91,120,105,69,84,79,71,n/a,104,95,85,22,61,29,46,62,81,103,73,45,14,101,94,121,106,34,38,2,31,107,8,112,57,122,92,21,99,16,23,27,97,13,3,43,64,17,37,63,25,28,113,109,74,48,33,20,70,110,11,90,36,87,50,117,114,88,93,82,83,115,5,18,n/a,111,19,51,65,72,119,100,59,80,35,10,77,44,75,54,47,89,7,78,41,26,55,49,12,1,30,53,67,40,n/a,102,98,60,39,55,24,6,4,66,76,123,58,118
5.2.2.,State of cluster development, ,110,105,94,89,42,18,65,23,72,n/a,24,90,119,99,84,43,47,73,n/a,117,44,96,19,85,20,75,48,120,113,55,56,21,60,92,31,98,59,77,17,25,111,3,107,51,106,63,14,87,41,26,28,76,16,33,4,70,7,30,109,38,27,46,112,82,53,88,10,101,118,12,83,35,39,34,123,121,103,74,104,68,100,6,45,n/a,80,8,61,71,36,116,93,62,66,37,9,95,86,40,22,69,102,11,49,79,29,32,57,15,13,108,67,52,58,n/a,78,97,54,81,114,2,5,1,91,50,115,64,122
5.2.3.,GERD financed by abroad, ,54,n/a,91,74,80,28,97,41,n/a,39,35,n/a,76,25,18,n/a,n/a,3,1,10,n/a,n/a,61,37,90,72,83,n/a,33,17,14,59,n/a,71,98,26,42,75,32,51,34,65,38,5,n/a,n/a,56,31,16,n/a,n/a,n/a,22,4,49,n/a,92,n/a,88,6,89,84,87,7,n/a,13,15,45,n/a,96,50,19,60,93,44,68,20,78,11,29,n/a,30,55,n/a,86,48,99,69,94,47,n/a,77,27,62,73,21,70,n/a,n/a,9,40,57,12,46,36,52,64,58,43,95,8,n/a,81,63,n/a,67,85,2,23,n/a,24,66,53,82,n/a,79,n/a
5.2.4.,Joint venture/strategic alliance deals, ,n/a,107,98,70,7,52,67,2,84,53,29,n/a,85,56,20,90,93,42,n/a,n/a,25,96,5,54,45,88,69,100,74,6,92,15,109,111,103,n/a,3,101,11,39,81,46,51,n/a,n/a,n/a,1,63,48,49,97,94,26,12,61,34,38,32,78,44,43,55,19,68,75,99,8,82,n/a,18,35,24,64,87,27,59,n/a,89,102,40,77,23,14,n/a,106,22,37,57,104,58,95,50,83,72,41,108,62,21,80,86,91,4,110,33,36,60,31,9,10,n/a,73,n/a,47,n/a,n/a,30,79,71,76,16,13,17,66,65,n/a,105,28
5.2.5.,Patent families filed in at least two offices, ,90,101,67,37,28,14,74,89,116,39,17,n/a,108,56,72,61,63,46,n/a,54,93,107,18,49,29,66,97,94,62,22,31,9,100,114,83,104,27,n/a,1,16,92,10,41,112,70,95,26,38,12,43,117,111,20,8,25,55,1,65,57,91,1,102,80,36,81,42,7,88,n/a,45,n/a,6,53,73,47,87,48,99,118,59,n/a,11,15,52,115,23,103,109,64,106,105,79,40,32,82,75,50,n/a,51,76,58,19,44,24,33,30,84,5,1,78,113,86,77,n/a,85,69,35,118,34,68,21,13,60,96,110,98,71
5.3.,Knowledge absorption, ,69,91,44,90,48,24,112,125,105,107,67,108,102,120,126,29,115,61,66,33,106,121,21,37,13,52,17,116,70,26,19,30,109,110,111,81,40,38,11,14,88,27,104,80,101,77,3,18,32,55,58,124,4,9,51,64,8,34,89,94,12,100,84,76,83,103,16,41,92,20,35,15,75,54,73,74,53,118,85,119,72,1,36,10,98,45,127,78,57,87,43,25,47,71,79,50,31,68,59,95,82,2,60,39,62,46,56,7,5,96,99,86,22,122,93,113,65,49,63,42,28,6,117,23,114,123,97
5.3.1.,Intellectual property payments, ,54,81,7,n/a,20,44,97,n/a,104,69,38,106,57,90,99,8,91,55,114,115,102,100,12,11,32,42,27,110,24,53,47,41,65,73,66,43,79,111,33,13,101,60,62,23,107,58,74,22,26,29,36,85,1,56,39,35,9,n/a,75,34,17,n/a,95,83,89,88,6,59,92,52,105,5,77,82,61,76,86,84,78,93,n/a,1,15,94,67,64,n/a,63,70,87,49,45,30,40,n/a,28,16,108,n/a,98,37,1,50,48,14,25,n/a,10,4,116,113,31,18,96,n/a,103,72,80,46,51,21,19,68,n/a,109,112,71
5.3.2.,High-tech imports, ,114,25,17,109,28,50,121,104,48,105,42,124,45,84,117,22,96,72,91,35,122,108,32,40,6,8,24,101,70,118,10,86,99,47,56,46,23,4,62,31,88,26,83,49,111,71,1,16,80,52,58,115,54,29,64,93,15,79,69,36,14,92,85,34,116,82,125,98,57,1,107,73,55,9,67,103,90,75,100,95,30,19,27,68,119,77,120,41,7,18,33,n/a,37,87,113,43,59,20,53,102,81,5,13,97,44,74,94,51,63,n/a,76,89,12,123,110,38,39,78,65,66,21,11,60,3,112,106,61
5.3.3.,ICT services imports, ,42,110,47,73,69,24,83,112,119,89,16,55,80,79,98,45,113,65,14,11,87,102,70,75,99,71,84,81,36,1,62,13,115,124,86,104,18,34,5,17,97,30,64,107,44,76,111,51,21,78,66,93,85,22,29,41,43,n/a,82,120,100,90,91,53,28,88,9,8,59,38,7,67,54,125,12,40,15,96,72,103,94,1,50,3,32,20,116,61,114,126,46,68,60,58,23,26,35,95,49,10,39,33,74,25,63,31,19,6,4,101,109,37,117,77,122,106,121,57,56,92,27,52,105,123,48,108,118
5.3.4.,"Foreign direct investment, net inflows", ,13,118,93,66,53,114,24,119,91,63,127,45,55,80,60,41,56,44,62,64,11,84,42,16,68,35,22,100,57,34,59,123,52,106,88,89,69,54,38,108,12,102,104,81,97,21,1,99,31,87,70,115,2,48,109,28,122,29,43,96,111,117,8,51,23,92,4,30,15,47,95,10,72,61,39,19,7,50,3,20,120,6,116,14,107,125,124,113,9,105,33,86,76,46,121,79,94,40,101,74,27,5,112,82,98,65,103,110,25,49,32,75,73,71,17,77,85,36,78,67,83,90,37,26,126,18,58
5.3.5.,Research talent in business enterprise, ,n/a,n/a,72,n/a,46,7,n/a,82,n/a,n/a,27,n/a,83,71,77,49,n/a,35,n/a,n/a,n/a,n/a,18,48,9,80,5,n/a,58,53,24,15,n/a,61,73,n/a,47,81,16,11,n/a,17,62,n/a,n/a,n/a,32,12,31,33,39,60,19,1,34,n/a,3,n/a,n/a,64,2,n/a,n/a,59,n/a,52,38,n/a,76,66,26,14,n/a,50,68,n/a,57,69,84,70,n/a,13,41,n/a,n/a,25,65,n/a,79,n/a,n/a,8,40,44,45,51,29,n/a,n/a,85,67,23,56,20,55,37,43,6,30,n/a,n/a,63,21,n/a,n/a,75,28,22,42,10,36,4,78,54,n/a,74,n/a
6,Knowledge and technology outputs, ,118,107,89,50,34,21,104,73,96,61,31,122,99,92,102,85,114,35,106,124,90,101,19,49,4,81,59,75,51,17,14,16,91,109,93,121,27,105,10,20,54,8,74,111,127,117,25,33,18,38,70,47,5,9,26,108,12,79,88,63,6,41,87,48,82,66,15,113,98,36,80,23,115,64,52,67,57,77,72,123,112,2,29,78,119,22,100,84,60,120,97,42,44,39,55,37,45,125,62,86,53,11,30,43,65,24,68,3,1,58,94,83,40,116,56,69,46,103,32,71,13,7,76,28,126,95,110
6.1.,Knowledge creation, ,120,101,67,32,25,18,108,121,95,39,17,87,111,84,115,50,98,40,86,118,105,85,21,61,5,78,96,117,48,42,14,12,126,104,71,122,30,72,8,24,44,4,51,123,127,125,43,46,13,55,113,36,38,11,31,88,9,62,64,59,2,106,58,56,57,54,15,110,68,74,100,28,116,70,19,23,60,81,93,92,83,6,20,109,112,27,114,69,91,119,80,65,37,41,103,66,22,94,75,82,49,34,35,45,52,29,89,3,1,26,97,79,47,102,107,53,33,77,16,99,10,7,63,73,124,90,76
6.1.1.,Patent applications by origin, ,78,101,71,25,45,11,59,100,110,27,20,96,104,62,105,56,68,43,94,n/a,118,82,39,63,1,77,93,86,46,55,32,8,102,121,69,103,52,n/a,7,14,36,1,44,115,113,107,73,40,22,53,81,12,37,26,49,89,1,76,35,65,1,123,19,31,58,51,13,108,87,54,90,21,117,72,30,34,42,67,70,n/a,99,10,17,85,116,24,122,95,98,80,97,75,23,28,120,41,15,91,74,79,47,33,50,48,60,38,64,9,5,109,124,119,66,88,111,57,29,106,18,114,16,6,83,61,112,92,84
6.1.2.,PCT international applications by origin , ,72,97,n/a,45,22,13,99,67,n/a,63,16,83,n/a,66,91,52,56,40,n/a,n/a,n/a,94,24,39,17,58,77,96,41,26,35,10,71,78,88,98,33,n/a,6,15,44,11,43,101,n/a,95,n/a,30,12,54,103,85,25,7,23,n/a,1,n/a,76,93,1,n/a,79,38,n/a,46,5,73,82,50,n/a,9,n/a,61,36,92,51,59,90,68,n/a,8,21,75,104,20,87,n/a,31,n/a,81,89,47,34,86,65,49,80,55,53,57,19,48,27,42,28,70,1,1,n/a,102,64,60,n/a,29,84,32,74,37,62,18,14,n/a,100,n/a,n/a,69
6.1.3.,Utility model applications by origin, ,60,n/a,45,13,27,19,46,n/a,n/a,11,n/a,n/a,44,n/a,61,29,n/a,15,47,n/a,n/a,n/a,n/a,42,1,39,52,n/a,31,n/a,6,37,57,50,n/a,49,14,n/a,17,55,18,9,59,54,n/a,56,24,28,n/a,n/a,53,n/a,n/a,n/a,21,n/a,22,n/a,26,30,1,n/a,32,n/a,n/a,n/a,n/a,n/a,n/a,51,n/a,n/a,n/a,40,1,5,n/a,n/a,n/a,n/a,n/a,n/a,n/a,n/a,n/a,n/a,n/a,n/a,58,n/a,36,23,25,38,n/a,48,8,41,n/a,n/a,33,n/a,10,43,n/a,20,n/a,n/a,n/a,7,n/a,n/a,16,n/a,62,n/a,12,n/a,1,n/a,n/a,n/a,34,35,63,n/a,n/a
6.1.4.,Scientific and technical publications, ,98,97,68,26,9,18,108,114,110,85,16,62,109,66,73,55,88,50,63,104,99,64,17,41,54,91,75,111,19,15,21,2,126,89,67,123,10,77,5,30,47,29,22,121,125,122,n/a,31,1,79,124,35,34,11,27,82,51,46,118,61,25,115,95,52,48,33,40,92,37,58,101,42,100,93,57,83,36,78,76,81,72,13,7,90,117,20,103,71,102,119,113,120,32,12,86,45,70,69,74,65,8,28,39,4,44,23,105,6,3,116,87,53,84,80,107,24,43,60,59,106,14,38,56,94,112,96,49
6.1.5.,Citable documents H index, ,120,81,35,62,10,17,109,113,63,64,13,108,91,110,97,23,116,50,94,125,103,86,5,37,14,48,61,90,44,70,32,15,117,79,50,123,49,83,18,4,75,3,29,106,121,117,25,31,39,21,55,41,28,16,7,99,6,77,107,52,19,80,122,77,60,57,75,101,82,45,99,93,114,34,96,103,125,68,102,103,86,8,27,112,66,20,89,53,58,111,56,54,24,30,92,47,22,114,42,85,74,25,42,40,33,12,73,11,9,127,72,95,38,124,98,71,36,69,46,67,1,1,65,58,119,88,84
6.2.,Knowledge impact, ,114,81,98,91,19,40,109,67,72,105,41,122,79,82,73,106,125,12,93,124,49,75,44,52,1,69,99,16,60,23,8,34,56,96,90,119,20,59,32,36,66,21,87,103,126,112,15,22,64,30,33,24,2,42,9,100,55,85,101,71,38,92,94,37,110,78,50,107,102,43,58,3,108,70,115,113,45,48,29,118,123,17,27,83,116,18,95,62,76,117,80,31,46,26,51,4,111,120,39,89,68,14,11,25,84,28,53,10,13,86,57,63,35,121,97,74,47,88,77,65,6,7,61,5,127,54,104
6.2.1.,Growth rate of GDP per person engaged, ,106,37,90,31,62,79,95,64,16,104,71,n/a,23,46,n/a,109,n/a,27,38,n/a,7,33,75,77,2,68,88,4,89,66,20,87,13,99,69,n/a,101,3,60,63,32,61,102,56,n/a,n/a,55,84,81,5,9,18,6,82,80,93,85,72,57,22,48,100,29,44,n/a,76,34,51,40,58,24,25,n/a,83,108,n/a,73,26,10,n/a,n/a,52,59,21,107,54,96,30,n/a,n/a,39,15,35,86,70,8,110,n/a,53,49,74,91,41,42,105,78,11,28,94,17,14,45,19,n/a,98,92,43,36,97,47,65,67,50,1,110,12,103
6.2.2.,New business density, ,65,83,89,55,5,80,71,n/a,101,68,47,n/a,84,77,8,39,n/a,13,96,n/a,95,n/a,61,14,n/a,48,66,n/a,25,7,35,28,62,n/a,99,86,4,104,34,46,22,60,78,86,98,n/a,1,33,12,100,91,n/a,21,36,44,70,96,71,50,49,45,n/a,67,10,n/a,30,20,81,102,43,n/a,1,24,73,52,19,17,54,n/a,76,82,23,3,105,79,15,69,103,6,n/a,42,92,85,26,51,31,29,57,n/a,90,53,11,37,27,18,38,88,16,40,93,n/a,32,75,93,n/a,55,64,63,74,58,9,n/a,41,n/a,n/a,59,n/a
6.2.3.,Total computer software spending, ,86,124,68,88,51,14,97,27,77,108,8,101,71,89,85,72,n/a,48,110,94,112,76,3,49,26,69,52,120,98,78,41,12,117,63,46,105,79,125,19,13,91,20,17,121,107,55,28,42,32,66,36,67,2,53,15,38,60,54,119,74,50,21,90,87,104,96,73,115,102,29,111,25,75,57,83,82,22,62,113,84,116,10,58,109,81,9,99,59,70,106,64,61,44,11,31,45,35,100,23,56,103,34,43,92,30,7,33,16,5,95,123,80,47,93,n/a,40,18,122,6,37,4,1,65,39,118,114,24
6.2.4.,ISO 9001 quality certificates, ,40,109,42,107,32,34,101,58,114,17,51,89,77,20,119,60,79,3,100,127,115,110,70,28,25,21,71,91,10,9,7,50,103,54,87,68,8,116,33,36,86,27,18,96,117,67,56,16,62,65,80,93,46,6,1,108,37,69,106,64,55,104,126,15,47,23,66,82,111,26,123,5,38,74,49,118,41,73,98,97,102,30,52,120,122,53,76,83,88,59,75,81,35,11,90,2,85,125,95,99,12,31,4,14,57,19,72,39,13,124,113,29,44,92,84,43,61,105,78,45,24,94,22,48,121,112,63
6.2.5.,High-tech and medium high-tech output, ,88,39,n/a,97,49,15,74,81,84,41,31,n/a,85,79,n/a,21,99,57,n/a,98,n/a,96,38,63,14,58,77,n/a,n/a,66,7,17,n/a,70,60,n/a,30,71,22,23,76,6,75,n/a,n/a,n/a,53,3,90,40,43,36,5,37,26,n/a,9,55,67,78,8,69,95,65,54,61,62,101,86,28,n/a,50,87,16,80,93,n/a,42,n/a,94,91,20,73,n/a,n/a,32,24,52,89,72,83,18,35,47,12,27,51,n/a,29,64,45,2,4,10,44,33,92,11,1,100,82,59,19,n/a,n/a,34,48,n/a,56,n/a,25,13,68,46,102,n/a,n/a
6.3.,Knowledge diffusion, ,83,124,73,57,96,29,48,40,112,76,87,103,110,94,111,67,31,60,109,95,116,122,23,34,24,75,22,117,52,7,25,17,98,107,97,64,32,127,14,18,77,15,82,84,101,72,16,33,21,26,81,121,1,8,47,106,10,68,69,61,13,6,92,46,44,66,9,88,104,11,70,99,74,49,59,113,78,79,100,118,37,2,80,42,105,28,71,102,35,108,119,30,58,50,36,51,43,115,93,62,55,4,56,65,63,27,53,5,3,126,123,86,39,41,20,89,85,114,54,45,38,12,90,19,91,125,120
6.3.1.,Intellectual property receipts, ,69,104,35,n/a,31,25,107,n/a,98,61,19,105,36,42,99,34,n/a,45,80,87,92,96,18,52,67,56,79,91,38,86,32,12,n/a,n/a,33,30,65,93,6,11,88,16,57,55,90,85,54,13,7,53,76,82,8,17,22,51,2,n/a,101,28,14,n/a,77,70,59,62,15,24,n/a,73,94,9,72,58,46,68,74,95,102,100,n/a,5,21,106,n/a,29,n/a,71,81,n/a,66,84,41,49,n/a,47,37,83,n/a,63,39,20,75,40,50,26,n/a,3,4,89,108,44,60,103,n/a,48,n/a,64,43,23,10,1,97,n/a,27,n/a,78
6.3.2.,High-tech exports, ,91,125,56,93,55,22,115,110,107,57,19,118,97,63,82,38,62,42,101,114,69,102,32,70,1,60,33,76,40,86,7,27,68,87,104,49,17,108,34,11,83,13,51,61,106,80,113,14,65,45,43,81,18,8,31,124,16,73,30,79,5,96,67,24,100,28,72,119,99,1,111,36,122,10,74,116,77,59,90,58,117,15,64,47,103,41,85,71,6,88,84,n/a,25,48,94,29,44,89,109,78,53,3,20,35,52,39,92,23,12,n/a,112,54,9,121,120,37,66,105,46,95,21,26,50,4,123,75,98
6.3.3.,ICT services exports, ,37,112,48,22,89,32,102,25,78,29,30,55,85,60,111,92,107,39,72,27,103,74,69,99,77,100,1,90,45,6,57,46,81,106,59,51,28,63,5,49,96,52,66,33,40,34,101,58,38,1,95,116,1,1,67,47,105,n/a,109,17,94,12,93,44,36,88,20,62,87,71,14,82,41,126,13,113,26,31,114,124,9,7,75,10,119,65,115,50,79,118,108,16,54,70,91,18,76,86,120,11,23,84,80,56,97,35,19,8,21,98,104,43,117,73,123,64,121,83,15,61,24,68,42,122,53,110,125
6.3.4.,"Foreign direct investment, net outflows", ,66,112,83,88,91,38,16,39,90,84,124,74,109,79,65,57,15,61,71,108,80,119,13,10,45,40,50,103,47,1,25,20,117,97,94,69,32,n/a,120,43,36,22,63,106,105,60,1,114,31,76,48,101,1,28,54,118,21,92,46,111,30,1,44,41,23,58,1,96,116,12,104,124,55,53,75,70,72,68,42,89,n/a,1,107,51,78,14,49,100,37,86,98,33,67,27,19,82,24,93,62,85,56,1,52,73,34,17,95,18,8,123,109,115,35,11,9,99,64,113,81,26,122,29,87,59,102,121,77
7,Creative outputs, ,100,116,80,44,24,17,87,71,110,123,19,99,96,98,114,83,105,29,127,115,92,117,27,59,26,73,40,108,43,41,22,9,60,66,97,89,8,90,18,12,69,7,51,84,122,93,25,42,2,85,77,65,13,30,33,67,36,72,95,79,15,55,111,14,81,38,1,88,118,45,121,6,61,58,39,34,48,68,119,75,109,5,16,126,102,20,91,112,50,46,82,94,37,21,54,57,62,103,74,104,70,32,35,23,78,28,86,11,3,106,64,56,53,125,101,76,31,107,49,47,4,10,63,52,124,120,113
7.1.,Intangible assets, ,114,120,90,41,36,24,82,91,104,124,34,109,107,118,110,81,108,16,126,106,89,111,35,51,2,76,44,96,60,59,33,25,68,48,103,77,15,57,20,7,85,4,58,69,122,74,28,67,19,78,88,47,11,40,27,29,30,79,99,71,3,37,121,49,98,43,1,66,116,53,119,10,83,64,9,13,65,39,102,73,117,21,22,127,97,32,70,105,50,12,80,86,54,14,31,75,87,93,92,95,100,42,46,17,72,23,84,18,5,115,45,56,62,125,101,63,6,94,26,55,8,38,61,52,123,113,112
7.1.1.,Trademark application class count by origin, ,77,79,37,11,25,34,91,110,92,76,53,108,65,88,102,57,115,8,114,n/a,80,109,45,27,4,62,22,104,47,23,29,61,54,31,99,18,19,n/a,44,10,41,28,n/a,60,94,51,26,63,17,71,95,n/a,n/a,97,50,6,35,68,90,67,14,n/a,89,24,93,48,5,38,82,84,111,13,59,58,3,1,n/a,52,66,32,64,33,16,116,83,69,n/a,78,39,1,46,74,55,15,112,42,56,98,113,100,70,85,30,9,73,36,75,40,21,105,n/a,n/a,72,107,87,n/a,7,96,12,101,43,81,49,20,86,106,103
7.1.2.,Industrial designs by origin, ,82,52,58,56,41,15,107,111,42,57,38,88,85,75,89,61,104,12,100,n/a,99,87,79,106,1,76,103,50,21,22,25,16,91,n/a,51,95,29,n/a,23,17,27,6,30,101,28,98,35,34,59,66,64,19,53,32,1,39,24,73,96,78,1,n/a,60,31,n/a,45,7,20,n/a,70,77,9,81,69,1,18,68,8,65,112,93,36,44,108,67,47,113,84,94,n/a,90,71,n/a,14,n/a,40,72,92,97,74,55,48,43,n/a,63,10,46,26,13,110,n/a,49,37,86,83,62,1,n/a,11,102,n/a,54,105,33,109,80,n/a
7.1.3.,ICTs and business model creation, ,102,115,114,68,35,26,50,42,103,n/a,19,98,110,116,92,71,93,56,n/a,122,61,95,23,28,46,58,41,81,74,86,34,24,44,76,97,106,22,117,4,17,99,15,87,47,121,67,31,49,14,80,52,70,9,8,57,55,29,48,85,37,18,89,118,63,109,30,6,88,120,20,107,32,64,43,104,82,79,53,105,72,119,3,21,n/a,75,13,83,96,27,100,65,60,59,16,11,77,91,36,33,66,101,7,40,54,45,25,62,5,2,111,94,73,39,n/a,90,69,51,84,112,10,1,12,38,78,123,108,113
7.1.4.,ICTs and organizational model creation, ,118,120,80,58,28,25,37,45,104,n/a,22,87,115,110,106,69,81,44,n/a,122,52,98,12,54,29,47,33,72,60,86,30,15,53,67,88,95,5,96,7,20,107,17,94,40,121,56,21,59,8,35,38,100,19,11,75,74,27,64,77,46,26,85,111,50,105,24,14,82,119,18,109,36,71,49,92,108,90,78,113,76,116,6,23,n/a,91,3,83,112,34,114,84,57,62,32,16,79,55,68,51,65,103,9,31,42,41,39,63,4,10,102,93,70,43,n/a,89,99,73,101,66,13,2,1,48,61,123,97,117
7.2.,Creative goods and services, ,104,105,78,43,38,23,98,63,125,113,12,60,72,85,102,99,110,41,109,94,74,97,57,89,29,75,15,117,17,58,9,11,30,82,73,91,4,87,40,19,54,28,53,96,103,118,50,25,1,67,52,101,33,24,44,120,21,68,107,49,35,90,112,2,32,45,10,77,83,13,127,7,27,31,80,39,70,106,119,62,108,8,42,88,86,37,114,123,65,93,71,115,22,47,81,46,61,116,69,100,59,16,14,26,64,48,76,18,3,79,51,55,20,111,121,66,56,124,92,34,6,5,84,36,126,122,95
7.2.1.,Cultural and creative services exports, ,65,84,31,35,38,12,66,n/a,83,67,4,11,61,81,n/a,56,n/a,13,40,33,n/a,64,23,n/a,70,51,1,72,6,28,27,21,n/a,37,n/a,89,7,86,39,10,59,22,24,76,30,92,49,25,36,52,n/a,n/a,46,8,41,60,55,n/a,77,88,42,n/a,n/a,9,44,29,1,73,68,n/a,74,90,69,75,32,91,57,58,71,n/a,n/a,14,n/a,20,n/a,62,n/a,78,50,82,54,63,16,26,n/a,5,17,87,n/a,47,45,n/a,34,18,48,n/a,n/a,19,n/a,n/a,n/a,43,n/a,85,n/a,n/a,79,80,53,n/a,15,1,n/a,n/a,n/a,n/a,n/a
7.2.2.,National feature films produced, ,54,n/a,31,8,61,28,21,104,87,100,18,n/a,81,40,n/a,82,n/a,39,92,99,55,63,50,56,88,66,48,n/a,44,43,22,6,79,60,90,97,1,n/a,12,25,35,49,36,75,84,80,14,34,1,59,93,68,15,33,45,n/a,26,n/a,73,n/a,24,n/a,91,11,52,46,1,57,n/a,51,101,4,16,67,96,5,10,85,65,n/a,n/a,23,17,86,13,32,104,103,94,74,70,83,69,47,n/a,62,76,n/a,n/a,95,37,38,30,9,89,19,77,20,7,64,n/a,29,78,42,n/a,72,58,n/a,102,71,27,53,41,98,n/a,n/a,n/a
7.2.3.,Global entertainment and media market, ,n/a,55,29,n/a,8,7,n/a,39,n/a,n/a,16,n/a,n/a,n/a,n/a,40,n/a,n/a,n/a,n/a,n/a,n/a,14,33,44,47,n/a,n/a,n/a,n/a,26,4,n/a,n/a,56,n/a,n/a,n/a,9,15,n/a,11,27,n/a,n/a,n/a,13,30,n/a,61,52,54,18,21,23,n/a,10,53,n/a,50,19,35,n/a,n/a,49,n/a,n/a,n/a,n/a,32,n/a,36,n/a,38,n/a,n/a,n/a,60,n/a,n/a,n/a,17,12,n/a,59,1,46,62,n/a,n/a,42,51,34,22,25,45,48,n/a,31,n/a,n/a,20,n/a,n/a,37,24,n/a,6,2,n/a,n/a,n/a,43,n/a,n/a,58,41,n/a,n/a,28,5,3,n/a,57,63,n/a,n/a
7.2.4.,Printing and publishing output, ,n/a,49,n/a,25,19,42,82,34,99,n/a,45,n/a,56,63,n/a,77,91,38,n/a,52,n/a,41,94,61,89,18,16,n/a,n/a,13,65,64,n/a,33,93,n/a,22,26,50,55,7,59,69,n/a,n/a,n/a,n/a,73,1,85,88,98,71,46,48,n/a,20,51,79,4,97,84,83,8,3,60,54,21,30,70,n/a,1,5,87,29,9,n/a,74,n/a,n/a,92,36,27,n/a,n/a,39,78,96,6,37,11,90,57,43,68,62,47,n/a,17,72,32,75,86,28,15,35,31,40,58,53,10,12,76,n/a,n/a,80,67,n/a,66,14,23,24,44,81,95,n/a,n/a
7.2.5.,Creative goods exports, ,88,125,86,60,48,40,119,34,100,74,28,117,35,65,76,72,85,43,109,113,56,118,54,82,1,71,57,90,44,107,4,29,21,104,26,52,38,111,53,30,91,22,36,61,114,94,79,8,95,18,13,58,25,27,19,108,20,42,80,68,16,62,98,12,47,23,89,87,92,2,122,64,41,3,102,120,75,77,121,51,73,11,66,112,115,59,110,99,116,83,67,n/a,9,37,78,39,49,84,96,93,50,10,6,45,55,46,69,32,14,n/a,101,81,5,123,103,24,17,105,63,33,15,31,97,7,124,106,70
7.3.,Online creativity, ,65,101,52,48,12,18,66,51,102,61,20,105,93,58,109,55,78,38,125,122,99,120,11,45,104,59,62,108,42,23,24,6,81,83,97,86,21,123,19,26,60,8,36,87,127,94,15,31,1,103,79,68,16,25,29,95,50,63,72,106,40,46,82,17,76,32,3,111,124,69,110,14,70,73,71,75,22,89,117,80,84,2,13,126,116,10,88,100,37,90,74,92,35,28,57,43,39,119,54,115,34,30,41,33,91,27,85,9,5,98,114,56,67,118,77,96,53,112,47,49,4,7,44,64,107,121,113
7.3.1.,Generic top-level domains (gTLDs), ,45,107,65,68,9,19,96,53,111,82,27,104,80,73,94,86,47,26,122,125,92,116,6,75,74,67,37,106,32,8,30,15,66,76,90,72,41,127,21,18,83,13,35,60,124,100,7,39,1,98,87,79,11,24,25,78,31,49,112,93,43,44,114,40,48,33,4,120,115,52,119,3,34,71,77,102,89,85,126,42,108,5,20,97,105,14,81,103,16,84,55,91,46,29,58,57,61,118,63,95,88,23,64,28,62,22,99,17,12,123,117,50,54,101,56,69,36,113,59,38,10,1,51,70,110,121,109
7.3.2.,Country-code top-level domains (ccTLDs), ,74,110,45,51,14,11,79,76,123,48,12,121,89,67,73,43,82,65,119,107,113,100,21,37,46,31,68,104,40,52,15,4,80,78,120,88,17,124,19,27,63,5,33,90,115,91,30,20,6,85,66,55,28,35,26,81,49,98,57,86,42,93,92,16,99,23,8,118,96,54,38,44,62,59,61,70,1,84,111,117,83,1,10,125,109,13,105,108,77,75,72,97,22,18,56,29,34,112,87,103,53,36,24,25,41,32,102,9,1,95,106,71,94,127,69,101,64,116,50,47,7,58,39,60,122,126,114
7.3.3.,Wikipedia yearly edits, ,60,99,53,7,24,19,48,61,103,46,33,106,93,43,111,67,81,26,125,122,102,119,23,49,110,76,65,108,37,32,22,25,80,86,91,87,5,123,6,10,40,15,35,90,126,95,9,16,11,100,94,55,27,3,29,98,47,52,56,105,50,58,73,14,72,30,17,109,124,69,121,42,79,85,57,62,51,84,116,92,78,8,13,127,112,2,83,101,63,88,74,82,31,45,70,59,34,117,66,114,1,44,38,20,89,18,77,4,21,97,115,36,75,118,71,96,54,107,39,68,12,41,28,64,104,120,113
7.3.4.,Video uploads on YouTube, ,n/a,66,35,n/a,23,41,n/a,27,n/a,n/a,25,n/a,n/a,55,n/a,29,n/a,36,n/a,n/a,n/a,n/a,9,38,n/a,54,n/a,n/a,43,n/a,23,11,n/a,n/a,65,n/a,7,n/a,11,26,n/a,36,29,n/a,n/a,n/a,14,33,n/a,68,56,n/a,10,4,19,n/a,49,59,n/a,70,21,20,n/a,2,60,31,n/a,n/a,n/a,58,n/a,n/a,n/a,51,n/a,n/a,53,62,n/a,n/a,n/a,5,8,n/a,72,17,61,n/a,n/a,n/a,57,63,39,17,34,40,28,n/a,21,69,47,13,48,45,67,15,n/a,6,16,n/a,n/a,50,46,n/a,n/a,63,44,73,41,32,3,1,n/a,52,71,n/a,n/a
